[{"id":"6283815956151@s.whatsapp.net","name":"Nurulツ","age":"17","time":"02/03 12:06:25","serial":"4bd3695c4f457c0efc7a"},{"id":"6283152753417@s.whatsapp.net","name":"yogi","age":"16","time":"23/03 14:31:38","serial":"42dad77e7f6d44447fe5"},{"id":"916289698359@s.whatsapp.net","name":"Sumit","age":"18","time":"23/03 19:25:05","serial":"0919cc920e51604eed50"},{"id":"6282179419059@s.whatsapp.net","name":"Johan","age":"18","time":"23/03 21:33:37","serial":"35b4b2a672ded78dcdd8"},{"id":"6287821648498@s.whatsapp.net","name":"Xyan","age":"18","time":"23/03 21:34:28","serial":"0b378c7335ef814860d3"},{"id":"6288292024190@s.whatsapp.net","name":"Deka","age":"16","time":"23/03 21:35:35","serial":"62d6c76513f225a1b1f4"},{"id":"6285876330812@s.whatsapp.net","name":"Dappa","age":"16","time":"23/03 23:58:48","serial":"ffb569ac18f16f8c8c0e"},{"id":"6285828707519@s.whatsapp.net","name":"ridho","age":"20","time":"24/03 00:21:54","serial":"8f88a9dd8a1bdbeca6cf"},{"id":"16129305745@s.whatsapp.net","name":"666","age":"21","time":"24/03 00:25:44","serial":"3b04b66d62fb4e4c4368"},{"id":"6285210475413@s.whatsapp.net","name":"ezzi","age":"16","time":"24/03 11:38:59","serial":"6a2aee797a3f51d82815"},{"id":"6282125190016@s.whatsapp.net","name":"Nia","age":"13","time":"24/03 11:42:01","serial":"ce4786ae283283e842a6"},{"id":"6287819962953@s.whatsapp.net","name":"Hōutarō Oreki","age":"13","time":"24/03 11:44:39","serial":"dd2d194338ac70339222"},{"id":"6282283456523@s.whatsapp.net","name":"rian","age":"16","time":"24/03 11:56:39","serial":"645e68cc6d45e65c5732"},{"id":"628871844250@s.whatsapp.net","name":"kenzo","age":"15","time":"24/03 13:40:56","serial":"9daae1e7b023c748b1e7"},{"id":"6285717026352@s.whatsapp.net","name":"asep","age":"30","time":"24/03 13:40:59","serial":"8083be4089e22e50005e"},{"id":"62895801181650@s.whatsapp.net","name":"pingkan","age":"17","time":"24/03 13:41:09","serial":"82dd0b09311adc051d28"},{"id":"6285839347826@s.whatsapp.net","name":"safa","age":"19","time":"24/03 13:48:54","serial":"f9460a8d23f7c850e26a"},{"id":"6283195112974@s.whatsapp.net","name":"Dika","age":"14","time":"24/03 13:54:32","serial":"22377651827239cbbff5"},{"id":"6281649182855@s.whatsapp.net","name":"Shidou","age":"19","time":"24/03 13:56:25","serial":"e3ee33d1031a4160bd76"},{"id":"6289504555877@s.whatsapp.net","name":"yogi","age":"16","time":"24/03 20:40:03","serial":"98e8251f4ae202bc2326"}]