[{"id":"6283815956151@s.whatsapp.net","xp":28552,"level":3},{"id":"6283152753417@s.whatsapp.net","xp":1,"level":1},{"id":"916289698359@s.whatsapp.net","xp":1,"level":1},{"id":"6282179419059@s.whatsapp.net","xp":4172,"level":1},{"id":"6287821648498@s.whatsapp.net","xp":1,"level":1},{"id":"6288292024190@s.whatsapp.net","xp":1,"level":1},{"id":"6285876330812@s.whatsapp.net","xp":1,"level":1},{"id":"6285828707519@s.whatsapp.net","xp":1,"level":1},{"id":"16129305745@s.whatsapp.net","xp":1,"level":1},{"id":"6285210475413@s.whatsapp.net","xp":12195,"level":2},{"id":"6282125190016@s.whatsapp.net","xp":1,"level":1},{"id":"6287819962953@s.whatsapp.net","xp":1,"level":1},{"id":"6282283456523@s.whatsapp.net","xp":1,"level":1},{"id":"628871844250@s.whatsapp.net","xp":1,"level":1},{"id":"6285717026352@s.whatsapp.net","xp":1,"level":1},{"id":"62895801181650@s.whatsapp.net","xp":1,"level":1},{"id":"6285839347826@s.whatsapp.net","xp":1,"level":1},{"id":"6283195112974@s.whatsapp.net","xp":1,"level":1},{"id":"6281649182855@s.whatsapp.net","xp":1,"level":1},{"id":"6289504555877@s.whatsapp.net","xp":1,"level":1}]