[{"id":"6281227825649@s.whatsapp.net","limit":1000000000},{"id":"6283152753417@s.whatsapp.net","limit":1},{"id":"916289698359@s.whatsapp.net","limit":3},{"id":"6282179419059@s.whatsapp.net","limit":8},{"id":"6287821648498@s.whatsapp.net","limit":1},{"id":"6288292024190@s.whatsapp.net","limit":0},{"id":"6285876330812@s.whatsapp.net","limit":1},{"id":"6285828707519@s.whatsapp.net","limit":2},{"id":"16129305745@s.whatsapp.net","limit":0},{"id":"6285210475413@s.whatsapp.net","limit":-3},{"id":"6282125190016@s.whatsapp.net","limit":0},{"id":"6287819962953@s.whatsapp.net","limit":6},{"id":"6282283456523@s.whatsapp.net","limit":12},{"id":"628871844250@s.whatsapp.net","limit":0},{"id":"6285717026352@s.whatsapp.net","limit":1},{"id":"62895801181650@s.whatsapp.net","limit":3},{"id":"6285839347826@s.whatsapp.net","limit":1},{"id":"6283195112974@s.whatsapp.net","limit":0},{"id":"6281649182855@s.whatsapp.net","limit":0},{"id":"6289504555877@s.whatsapp.net","limit":3}]